{"training_loss": 0.3568972612845035, "val_los": 0.4892203949057148, "train_F1": 0.39215686274509803, "val_F1": 0.33333333333333337, "test_F1": 0.3888888888888889, "_timestamp": 1664865446, "_runtime": 12, "_step": 17}